Transaction ID,Date,Customer ID,Gender,Age,Product Category,Quantity,Price per Unit,Total Amount
1,11/24/23,CUST001,Male,34,Beauty,3,50,150
2,2/27/23,CUST002,Female,26,Clothing,2,500,1000
3,1/13/23,CUST003,Male,50,Electronics,1,30,30
4,5/21/23,CUST004,Male,37,Clothing,1,500,500
5,5/6/23,CUST005,Male,30,Beauty,2,50,100
6,4/25/23,CUST006,Female,45,Beauty,1,30,30
7,3/13/23,CUST007,Male,46,Clothing,2,25,50
8,2/22/23,CUST008,Male,30,Electronics,4,25,100
9,12/13/23,CUST009,Male,63,Electronics,2,300,600
10,10/7/23,CUST010,Female,52,Clothing,4,50,200
11,2/14/23,CUST011,Male,23,Clothing,2,50,100
12,10/30/23,CUST012,Male,35,Beauty,3,25,75
13,8/5/23,CUST013,Male,22,Electronics,3,500,1500
14,1/17/23,CUST014,Male,64,Clothing,4,30,120
15,1/16/23,CUST015,Female,42,Electronics,4,500,2000
16,2/17/23,CUST016,Male,19,Clothing,3,500,1500
17,4/22/23,CUST017,Female,,Clothing,4,25,100
18,4/30/23,CUST018,Female,47,Electronics,2,25,50
19,9/16/23,CUST019,Female,62,Clothing,2,25,50
20,11/5/23,CUST020,Male,22,Clothing,3,300,900
21,1/14/23,CUST021,Female,50,Beauty,1,500,500
22,10/15/23,CUST022,Male,18,Clothing,2,50,100
23,4/12/23,CUST023,Female,35,Clothing,4,30,120
24,11/29/23,CUST024,Female,49,Clothing,1,300,300
25,12/26/23,CUST025,Female,64,Beauty,1,50,50
26,10/7/23,CUST026,Female,28,Electronics,2,500,1000
27,8/3/23,CUST027,Female,38,Beauty,2,25,50
28,4/23/23,CUST028,Female,43,Beauty,1,500,500
29,8/18/23,CUST029,Female,42,Electronics,1,30,30
30,10/29/23,CUST030,Female,39,Beauty,3,300,900
31,5/23/23,CUST031,Male,44,Electronics,4,300,1200
32,1/4/23,CUST032,Male,30,Beauty,3,30,90
33,3/23/23,CUST033,Female,50,Electronics,2,50,100
34,12/24/23,CUST034,Female,51,Clothing,3,50,150
35,8/5/23,CUST035,Female,58,Beauty,3,300,900
36,6/24/23,CUST036,Male,52,Beauty,3,300,900
37,5/23/23,CUST037,Female,18,Beauty,3,25,75
38,3/21/23,CUST038,Male,38,Beauty,4,50,200
39,4/21/23,CUST039,Male,23,Clothing,4,30,120
40,6/22/23,CUST040,Male,45,Beauty,1,50,50
41,2/22/23,CUST041,Male,34,Clothing,2,25,50
42,2/17/23,CUST042,Male,22,Clothing,3,300,900
43,7/14/23,CUST043,Female,48,Clothing,1,300,300
44,2/19/23,CUST044,Female,22,Clothing,1,25,25
45,7/3/23,CUST045,Female,55,Electronics,1,30,30
46,6/26/23,CUST046,Female,20,Electronics,4,300,1200
47,11/6/23,CUST047,Female,40,Beauty,3,500,1500
48,5/16/23,CUST048,Male,54,Electronics,3,300,900
49,1/23/23,CUST049,Female,54,Electronics,2,500,1000
50,8/24/23,CUST050,Female,27,Beauty,3,25,75
51,10/2/23,CUST051,Male,27,Beauty,3,25,75
52,3/5/23,CUST052,Female,36,Beauty,1,300,300
53,7/13/23,CUST053,Male,34,Electronics,2,50,100
54,2/10/23,CUST054,Female,38,Electronics,3,500,1500
55,10/10/23,CUST055,Male,31,Beauty,4,30,120
56,5/31/23,CUST056,Female,26,Clothing,3,300,900
57,11/18/23,CUST057,Female,63,Beauty,1,30,30
58,11/13/23,CUST058,Male,18,Clothing,4,300,1200
59,7/5/23,CUST059,Male,62,Clothing,1,50,50
60,10/23/23,CUST060,Male,30,Beauty,3,50,150
61,4/9/23,CUST061,Male,21,Beauty,4,50,200
62,12/27/23,CUST062,Male,18,Beauty,2,50,100
63,2/5/23,CUST063,Male,57,Electronics,2,25,50
64,1/24/23,CUST064,Male,49,Clothing,4,25,100
65,12/5/23,CUST065,Male,51,Electronics,4,500,2000
66,4/27/23,CUST066,Female,45,Electronics,1,30,30
67,5/29/23,CUST067,Female,,Beauty,4,300,1200
68,2/10/23,CUST068,Male,25,Electronics,1,300,300
69,4/30/23,CUST069,Female,56,Beauty,3,25,75
70,2/21/23,CUST070,Female,43,Clothing,1,300,300
71,7/14/23,CUST071,Female,51,Beauty,4,25,100
72,5/23/23,CUST072,Female,20,Electronics,4,500,2000
73,8/21/23,CUST073,Male,29,Electronics,3,30,90
74,11/22/23,CUST074,Female,18,Beauty,4,500,2000
75,7/6/23,CUST075,Male,61,Beauty,4,50,200
76,3/25/23,CUST076,Female,22,Electronics,2,50,100
77,7/9/23,CUST077,Female,47,Clothing,2,50,100
78,7/1/23,CUST078,Female,47,Clothing,3,500,1500
79,4/18/23,CUST079,Male,34,Beauty,1,300,300
80,12/10/23,CUST080,Female,64,Clothing,2,30,60
81,5/17/23,CUST081,Male,40,Electronics,1,50,50
82,12/26/23,CUST082,Female,32,Beauty,4,50,200
83,12/16/23,CUST083,Male,54,Electronics,2,50,100
84,11/28/23,CUST084,Female,38,Electronics,3,30,90
85,2/6/23,CUST085,Male,31,Clothing,3,50,150
86,11/8/23,CUST086,Male,19,Beauty,3,30,90
87,11/22/23,CUST087,Female,28,Beauty,2,50,100
88,3/29/23,CUST088,Male,56,Clothing,1,500,500
89,10/1/23,CUST089,Female,55,Electronics,4,500,2000
90,5/6/23,CUST090,Female,51,Electronics,1,30,30
91,3/25/23,CUST091,Female,55,Electronics,1,500,500
92,8/25/23,CUST092,Female,51,Electronics,4,30,120
93,7/14/23,CUST093,Female,35,Beauty,4,500,2000
94,5/19/23,CUST094,Female,47,Beauty,2,500,1000
95,11/24/23,CUST095,Female,32,Clothing,2,30,60
96,12/19/23,CUST096,Female,44,Clothing,2,300,600
97,10/13/23,CUST097,Female,51,Beauty,2,500,1000
98,4/23/23,CUST098,Female,55,Beauty,2,50,100
99,12/17/23,CUST099,Female,50,Electronics,4,300,1200
100,6/16/23,CUST100,Male,41,Electronics,1,30,30
101,1/29/23,CUST101,Male,32,Clothing,2,300,600
102,4/28/23,CUST102,Female,47,Beauty,2,25,50
103,1/17/23,CUST103,Female,59,Clothing,1,25,25
104,6/11/23,CUST104,Female,34,Beauty,2,500,1000
105,7/25/23,CUST105,Female,22,Electronics,1,500,500
106,5/18/23,CUST106,Female,46,Clothing,1,50,50
107,2/3/23,CUST107,Female,21,Clothing,4,300,1200
108,4/19/23,CUST108,Female,27,Beauty,3,25,75
109,10/18/23,CUST109,Female,34,Electronics,4,500,2000
110,6/11/23,CUST110,Male,27,Clothing,3,300,900
111,4/19/23,CUST111,Female,34,Electronics,3,500,1500
112,12/2/23,CUST112,Male,37,Clothing,3,500,1500
113,9/13/23,CUST113,Female,41,Electronics,2,25,50
114,7/22/23,CUST114,Female,22,Beauty,4,25,100
115,11/26/23,CUST115,Male,51,Clothing,3,500,1500
116,8/23/23,CUST116,Female,23,Clothing,1,30,30
117,3/15/23,CUST117,Male,19,Electronics,2,500,1000
118,5/16/23,CUST118,Female,30,Electronics,4,500,2000
119,3/13/23,CUST119,Female,60,Clothing,3,50,150
120,5/7/23,CUST120,Male,60,Beauty,1,50,50
121,10/15/23,CUST121,Female,28,Electronics,4,50,200
122,10/3/23,CUST122,Male,64,Electronics,4,30,120
123,5/15/23,CUST123,Female,40,Electronics,2,30,60
124,10/27/23,CUST124,Male,33,Clothing,4,500,2000
125,8/8/23,CUST125,Male,48,Clothing,2,50,100
126,10/26/23,CUST126,Female,28,Clothing,3,30,90
127,7/24/23,CUST127,Female,33,Clothing,2,25,50
128,7/5/23,CUST128,Male,25,Beauty,1,500,500
129,4/23/23,CUST129,Female,21,Beauty,2,300,600
130,3/12/23,CUST130,Female,57,Clothing,1,500,500
131,9/18/23,CUST131,Female,21,Beauty,2,300,600
132,9/10/23,CUST132,Male,42,Electronics,4,50,200
133,2/16/23,CUST133,Male,20,Electronics,3,300,900
134,1/25/23,CUST134,Male,49,Electronics,1,50,50
135,2/26/23,CUST135,Male,20,Clothing,2,25,50
136,3/20/23,CUST136,Male,44,Electronics,2,300,600
137,11/18/23,CUST137,Male,46,Beauty,2,500,1000
138,3/23/23,CUST138,Male,49,Clothing,4,50,200
139,12/15/23,CUST139,Male,36,Beauty,4,500,2000
140,8/5/23,CUST140,Male,38,Electronics,1,30,30
141,11/2/23,CUST141,Female,22,Electronics,1,50,50
142,2/2/23,CUST142,Male,35,Electronics,4,300,1200
143,7/17/23,CUST143,Female,45,Clothing,1,50,50
144,7/15/23,CUST144,Female,59,Beauty,3,500,1500
145,11/2/23,CUST145,Female,39,Clothing,3,25,75
146,8/28/23,CUST146,Male,38,Clothing,4,50,200
147,9/28/23,CUST147,Male,23,Electronics,1,300,300
148,5/9/23,CUST148,Male,18,Clothing,2,30,60
149,10/11/23,CUST149,Male,22,Clothing,3,25,75
150,1/6/23,CUST150,Female,58,Electronics,4,30,120
151,12/15/23,CUST151,Male,29,Clothing,1,50,50
152,2/28/23,CUST152,Male,43,Electronics,4,500,2000
153,12/16/23,CUST153,Male,63,Electronics,2,500,1000
154,10/2/23,CUST154,Male,51,Electronics,3,300,900
155,5/17/23,CUST155,Male,31,Electronics,4,500,2000
156,11/25/23,CUST156,Female,43,Clothing,4,25,100
157,6/24/23,CUST157,Male,62,Electronics,4,500,2000
158,2/27/23,CUST158,Female,44,Electronics,2,300,600
159,5/31/23,CUST159,Male,26,Clothing,4,50,200
160,8/11/23,CUST160,Female,43,Clothing,2,50,100
161,3/22/23,CUST161,Male,64,Beauty,2,500,1000
162,8/21/23,CUST162,Male,39,Clothing,2,30,60
163,1/2/23,CUST163,Female,64,Clothing,3,50,150
164,5/15/23,CUST164,Female,47,Beauty,3,500,1500
165,9/14/23,CUST165,Female,60,Clothing,4,300,1200
166,4/2/23,CUST166,Male,34,Clothing,4,500,2000
167,9/17/23,CUST167,Female,43,Clothing,3,50,150
168,2/24/23,CUST168,Male,53,Clothing,1,300,300
169,11/17/23,CUST169,Male,18,Beauty,3,500,1500
170,6/2/23,CUST170,Female,25,Clothing,2,25,50
171,11/24/23,CUST171,Female,52,Clothing,3,300,900
172,9/17/23,CUST172,Male,32,Beauty,2,25,50
173,11/8/23,CUST173,Male,64,Electronics,4,30,120
174,4/12/23,CUST174,Female,39,Beauty,1,300,300
175,3/20/23,CUST175,Female,31,Electronics,4,25,100
176,7/11/23,CUST176,Female,43,Beauty,2,50,100
177,3/24/23,CUST177,Male,45,Beauty,2,50,100
178,10/4/23,CUST178,Male,40,Clothing,2,30,60
179,9/29/23,CUST179,Male,31,Electronics,1,300,300
180,1/1/23,CUST180,Male,41,Clothing,3,300,900
181,11/3/23,CUST181,Male,19,Electronics,4,300,1200
182,6/15/23,CUST182,Male,62,Beauty,4,30,120
183,9/8/23,CUST183,Female,43,Beauty,3,300,900
184,1/10/23,CUST184,Male,31,Electronics,4,50,200
185,2/27/23,CUST185,Male,24,Clothing,1,25,25
186,7/5/23,CUST186,Male,20,Clothing,4,50,200
187,6/7/23,CUST187,Female,64,Clothing,2,50,100
188,5/3/23,CUST188,Male,40,Clothing,3,25,75
189,1/30/23,CUST189,Male,63,Beauty,1,50,50
190,5/4/23,CUST190,Female,60,Beauty,3,30,90
191,10/18/23,CUST191,Male,64,Beauty,1,25,25
192,2/10/23,CUST192,Male,62,Beauty,2,50,100
193,2/13/23,CUST193,Male,35,Beauty,3,500,1500
194,9/6/23,CUST194,Male,55,Clothing,4,50,200
195,2/5/23,CUST195,Male,52,Clothing,1,30,30
196,9/30/23,CUST196,Female,32,Clothing,3,300,900
197,3/6/23,CUST197,Female,42,Clothing,4,50,200
198,3/7/23,CUST198,Female,54,Beauty,3,300,900
199,12/4/23,CUST199,Male,45,Beauty,3,500,1500
200,9/1/23,CUST200,Male,27,Beauty,3,50,150
201,10/9/23,CUST201,Male,56,Electronics,1,25,25
202,3/26/23,CUST202,Female,34,Clothing,4,300,1200
203,5/16/23,CUST203,Male,56,Clothing,2,500,1000
204,9/28/23,CUST204,Male,39,Beauty,1,25,25
205,11/7/23,CUST205,Female,43,Clothing,1,25,25
206,8/5/23,CUST206,Male,61,Clothing,1,25,25
207,4/19/23,CUST207,Female,42,Beauty,2,25,50
208,10/4/23,CUST208,Female,34,Electronics,4,50,200
209,12/20/23,CUST209,Female,30,Electronics,4,50,200
210,4/13/23,CUST210,Male,37,Electronics,4,50,200
211,1/1/24,CUST211,Male,42,Beauty,3,500,1500
212,6/9/23,CUST212,Male,21,Clothing,3,500,1500
213,7/24/23,CUST213,Male,27,Beauty,3,500,1500
214,12/10/23,CUST214,Male,20,Beauty,2,30,60
215,11/29/23,CUST215,Male,58,Clothing,3,500,1500
216,7/11/23,CUST216,Male,62,Electronics,2,50,100
217,8/13/23,CUST217,Female,35,Electronics,4,50,200
218,9/22/23,CUST218,Male,64,Beauty,3,30,90
219,8/20/23,CUST219,Female,53,Electronics,3,30,90
220,3/3/23,CUST220,Male,64,Beauty,1,500,500
221,5/7/23,CUST221,Male,39,Beauty,2,300,600
222,4/26/23,CUST222,Male,51,Clothing,4,30,120
223,2/2/23,CUST223,Female,64,Clothing,1,25,25
224,6/23/23,CUST224,Female,25,Clothing,1,50,50
225,1/11/23,CUST225,Female,57,Beauty,4,25,100
226,10/29/23,CUST226,Female,61,Clothing,1,50,50
227,10/11/23,CUST227,Male,36,Electronics,2,50,100
228,4/28/23,CUST228,Female,59,Electronics,2,30,60
229,10/29/23,CUST229,Male,58,Beauty,3,30,90
230,4/23/23,CUST230,Male,54,Beauty,1,25,25
231,1/4/23,CUST231,Female,23,Clothing,3,50,150
232,2/6/23,CUST232,Female,43,Beauty,1,25,25
233,12/29/23,CUST233,Female,51,Beauty,2,300,600
234,11/20/23,CUST234,Female,62,Electronics,2,25,50
235,1/31/23,CUST235,Female,23,Electronics,2,500,1000
236,4/28/23,CUST236,Female,54,Clothing,1,25,25
237,2/4/23,CUST237,Female,50,Beauty,2,500,1000
238,1/17/23,CUST238,Female,39,Beauty,1,500,500
239,6/19/23,CUST239,Male,38,Electronics,3,500,1500
240,2/6/23,CUST240,Female,23,Beauty,1,300,300
241,9/21/23,CUST241,Female,23,Electronics,3,25,75
242,5/2/23,CUST242,Male,21,Clothing,1,25,25
243,5/23/23,CUST243,Female,47,Electronics,3,300,900
244,12/9/23,CUST244,Male,28,Beauty,2,50,100
245,9/6/23,CUST245,Male,47,Clothing,3,30,90
246,4/20/23,CUST246,Female,48,Electronics,2,25,50
247,10/4/23,CUST247,Male,41,Electronics,2,30,60
248,3/9/23,CUST248,Male,26,Clothing,3,300,900
249,10/20/23,CUST249,Male,20,Clothing,1,50,50
250,10/23/23,CUST250,Male,48,Electronics,1,50,50
251,8/31/23,CUST251,Female,57,Beauty,4,50,200
252,5/5/23,CUST252,Male,54,Electronics,1,300,300
253,8/31/23,CUST253,Female,53,Clothing,4,500,2000
254,7/28/23,CUST254,Male,41,Electronics,1,500,500
255,4/8/23,CUST255,Male,48,Clothing,1,30,30
256,2/18/23,CUST256,Male,23,Clothing,2,500,1000
257,2/19/23,CUST257,Male,19,Beauty,4,500,2000
258,12/4/23,CUST258,Female,37,Clothing,1,50,50
259,8/9/23,CUST259,Female,45,Clothing,4,50,200
260,7/1/23,CUST260,Male,28,Beauty,2,30,60
261,8/5/23,CUST261,Male,21,Clothing,2,25,50
262,7/30/23,CUST262,Female,32,Beauty,4,30,120
263,8/28/23,CUST263,Male,23,Beauty,2,30,60
264,1/28/23,CUST264,Male,47,Clothing,3,300,900
265,12/11/23,CUST265,Male,55,Clothing,3,300,900
266,12/1/23,CUST266,Female,19,Electronics,2,30,60
267,11/27/23,CUST267,Female,32,Beauty,3,30,90
268,2/20/23,CUST268,Female,28,Electronics,1,30,30
269,2/1/23,CUST269,Male,25,Clothing,4,500,2000
270,7/26/23,CUST270,Male,43,Electronics,1,300,300
271,6/23/23,CUST271,Female,62,Beauty,4,30,120
272,2/25/23,CUST272,Female,61,Electronics,2,50,100
273,5/8/23,CUST273,Female,22,Beauty,1,50,50
274,4/9/23,CUST274,Female,23,Clothing,2,500,1000
275,4/8/23,CUST275,Male,43,Clothing,2,500,1000
276,10/2/23,CUST276,Female,21,Beauty,4,25,100
277,8/18/23,CUST277,Male,36,Clothing,4,25,100
278,3/13/23,CUST278,Female,37,Clothing,4,25,100
279,8/5/23,CUST279,Male,50,Clothing,1,500,500
280,4/4/23,CUST280,Female,37,Clothing,3,500,1500
281,5/23/23,CUST281,Female,29,Beauty,4,500,2000
282,8/25/23,CUST282,Female,64,Electronics,4,50,200
283,5/8/23,CUST283,Female,18,Electronics,1,500,500
284,2/8/23,CUST284,Male,43,Clothing,4,50,200
285,8/15/23,CUST285,Female,31,Electronics,1,25,25
286,10/9/23,CUST286,Male,55,Electronics,2,25,50
287,2/20/23,CUST287,Male,54,Clothing,4,25,100
288,1/26/23,CUST288,Male,28,Clothing,4,30,120
289,11/30/23,CUST289,Male,53,Electronics,2,30,60
290,10/4/23,CUST290,Female,30,Beauty,2,300,600
291,1/8/23,CUST291,Male,60,Clothing,2,300,600
292,2/17/23,CUST292,Male,20,Beauty,4,300,1200
293,5/2/23,CUST293,Male,50,Electronics,3,30,90
294,3/27/23,CUST294,Female,23,Clothing,3,30,90
295,7/28/23,CUST295,Female,27,Beauty,3,300,900
296,9/6/23,CUST296,Female,22,Clothing,4,300,1200
297,9/4/23,CUST297,Female,40,Electronics,2,500,1000
298,4/20/23,CUST298,Male,27,Beauty,4,300,1200
299,7/25/23,CUST299,Male,61,Electronics,2,500,1000
300,1/31/23,CUST300,Female,19,Electronics,4,50,200
301,3/26/23,CUST301,Male,30,Clothing,4,30,120
302,7/14/23,CUST302,Male,57,Beauty,2,300,600
303,1/2/23,CUST303,Male,19,Electronics,3,30,90
304,7/19/23,CUST304,Female,37,Electronics,2,30,60
305,5/16/23,CUST305,Female,18,Beauty,1,30,30
306,8/21/23,CUST306,Male,54,Electronics,1,50,50
307,5/27/23,CUST307,Female,26,Electronics,2,25,50
308,8/5/23,CUST308,Female,34,Beauty,4,300,1200
309,12/23/23,CUST309,Female,26,Beauty,1,25,25
310,10/12/23,CUST310,Female,28,Beauty,1,25,25
311,12/5/23,CUST311,Female,32,Beauty,4,25,100
312,9/7/23,CUST312,Male,41,Clothing,4,30,120
313,3/21/23,CUST313,Female,55,Beauty,3,500,1500
314,4/8/23,CUST314,Male,52,Clothing,4,30,120
315,6/1/23,CUST315,Male,47,Clothing,2,30,60
316,4/22/23,CUST316,Female,48,Clothing,2,25,50
317,1/30/23,CUST317,Male,22,Electronics,3,30,90
318,10/24/23,CUST318,Male,61,Clothing,1,25,25
319,10/5/23,CUST319,Male,31,Clothing,1,500,500
320,2/1/23,CUST320,Female,28,Electronics,4,300,1200
321,6/10/23,CUST321,Female,26,Electronics,2,25,50
322,1/30/23,CUST322,Male,51,Electronics,1,500,500
323,1/26/23,CUST323,Female,29,Beauty,3,300,900
324,10/27/23,CUST324,Female,52,Electronics,3,50,150
325,9/2/23,CUST325,Female,52,Electronics,2,25,50
326,9/15/23,CUST326,Female,18,Clothing,3,25,75
327,9/29/23,CUST327,Male,57,Electronics,3,50,150
328,3/22/23,CUST328,Male,39,Beauty,2,50,100
329,1/30/23,CUST329,Female,46,Electronics,4,25,100
330,9/18/23,CUST330,Female,25,Beauty,4,50,200
331,2/11/23,CUST331,Male,28,Electronics,3,30,90
332,4/6/23,CUST332,Male,58,Electronics,4,300,1200
333,2/5/23,CUST333,Female,54,Electronics,4,300,1200
334,11/1/23,CUST334,Male,31,Electronics,3,300,900
335,2/4/23,CUST335,Female,47,Beauty,4,30,120
336,12/12/23,CUST336,Female,52,Beauty,3,50,150
337,5/1/23,CUST337,Male,38,Clothing,1,500,500
338,7/26/23,CUST338,Male,54,Beauty,2,50,100
339,3/3/23,CUST339,Female,22,Electronics,2,25,50
340,10/19/23,CUST340,Female,36,Clothing,4,300,1200
341,5/7/23,CUST341,Male,31,Clothing,4,50,200
342,10/24/23,CUST342,Female,43,Clothing,4,500,2000
343,11/1/23,CUST343,Male,21,Electronics,2,25,50
344,1/21/23,CUST344,Female,42,Beauty,1,30,30
345,11/14/23,CUST345,Male,62,Electronics,1,30,30
346,2/11/23,CUST346,Male,59,Clothing,2,500,1000
347,8/3/23,CUST347,Male,42,Electronics,1,25,25
348,12/3/23,CUST348,Female,35,Electronics,2,300,600
349,10/26/23,CUST349,Female,57,Beauty,1,50,50
350,10/17/23,CUST350,Male,25,Beauty,3,25,75
351,9/25/23,CUST351,Female,56,Clothing,3,30,90
352,6/11/23,CUST352,Male,57,Electronics,2,500,1000
353,5/14/23,CUST353,Male,31,Electronics,1,500,500
354,4/15/23,CUST354,Female,49,Beauty,4,50,200
355,12/9/23,CUST355,Female,55,Electronics,1,500,500
356,6/10/23,CUST356,Male,50,Electronics,3,500,1500
357,5/3/23,CUST357,Female,40,Electronics,3,25,75
358,5/16/23,CUST358,Female,32,Beauty,1,300,300
359,7/22/23,CUST359,Male,50,Clothing,1,50,50
360,3/9/23,CUST360,Male,42,Clothing,4,25,100
361,12/10/23,CUST361,Female,34,Electronics,4,300,1200
362,11/27/23,CUST362,Male,50,Clothing,1,25,25
363,6/3/23,CUST363,Male,64,Beauty,1,25,25
364,8/23/23,CUST364,Female,19,Beauty,1,500,500
365,6/11/23,CUST365,Male,31,Clothing,1,300,300
366,2/7/23,CUST366,Male,57,Clothing,2,50,100
367,1/5/23,CUST367,Female,57,Electronics,1,50,50
368,8/23/23,CUST368,Female,56,Clothing,4,300,1200
369,11/15/23,CUST369,Male,23,Electronics,3,500,1500
370,10/16/23,CUST370,Male,23,Electronics,2,30,60
371,2/21/23,CUST371,Female,20,Beauty,1,25,25
372,2/7/23,CUST372,Female,24,Beauty,3,500,1500
373,10/3/23,CUST373,Female,25,Beauty,2,300,600
374,4/20/23,CUST374,Female,59,Beauty,3,25,75
375,9/17/23,CUST375,Male,32,Clothing,1,50,50
376,5/16/23,CUST376,Female,64,Beauty,1,30,30
377,3/9/23,CUST377,Female,46,Clothing,4,50,200
378,6/28/23,CUST378,Male,50,Beauty,1,300,300
379,2/5/23,CUST379,Female,47,Clothing,1,25,25
380,5/6/23,CUST380,Male,56,Electronics,2,300,600
381,7/9/23,CUST381,Female,44,Clothing,4,25,100
382,5/26/23,CUST382,Female,53,Clothing,2,500,1000
383,3/22/23,CUST383,Female,46,Beauty,3,30,90
384,8/13/23,CUST384,Male,55,Clothing,1,500,500
385,10/6/23,CUST385,Male,50,Electronics,3,500,1500
386,12/27/23,CUST386,Female,54,Electronics,2,300,600
387,6/4/23,CUST387,Male,44,Beauty,1,30,30
388,11/10/23,CUST388,Male,50,Electronics,1,25,25
389,12/1/23,CUST389,Male,21,Clothing,2,25,50
390,9/28/23,CUST390,Male,39,Electronics,2,50,100
391,1/5/23,CUST391,Male,19,Beauty,2,25,50
392,12/8/23,CUST392,Male,27,Clothing,2,300,600
393,10/11/23,CUST393,Female,22,Beauty,2,500,1000
394,6/3/23,CUST394,Female,27,Clothing,1,500,500
395,12/6/23,CUST395,Male,50,Electronics,2,500,1000
396,2/23/23,CUST396,Female,55,Beauty,1,30,30
397,3/10/23,CUST397,Female,30,Beauty,1,25,25
398,5/16/23,CUST398,Female,48,Clothing,2,300,600
399,3/1/23,CUST399,Female,64,Beauty,2,30,60
400,2/24/23,CUST400,Male,53,Clothing,4,50,200
401,10/11/23,CUST401,Female,62,Clothing,1,300,300
402,3/21/23,CUST402,Female,41,Clothing,2,300,600
403,5/20/23,CUST403,Male,32,Clothing,2,300,600
404,5/25/23,CUST404,Male,46,Electronics,2,500,1000
405,11/6/23,CUST405,Female,25,Clothing,4,300,1200
406,4/18/23,CUST406,Female,22,Beauty,4,25,100
407,6/25/23,CUST407,Female,46,Electronics,3,300,900
408,4/15/23,CUST408,Female,64,Beauty,1,500,500
409,12/18/23,CUST409,Female,21,Electronics,3,300,900
410,11/21/23,CUST410,Female,29,Clothing,2,50,100
411,5/16/23,CUST411,Male,62,Electronics,4,50,200
412,9/16/23,CUST412,Female,19,Electronics,4,500,2000
413,9/8/23,CUST413,Female,44,Beauty,3,25,75
414,5/9/23,CUST414,Male,48,Beauty,4,25,100
415,1/27/23,CUST415,Male,53,Clothing,2,30,60
416,2/17/23,CUST416,Male,53,Electronics,4,500,2000
417,11/21/23,CUST417,Male,43,Electronics,3,300,900
418,8/5/23,CUST418,Female,60,Electronics,2,500,1000
419,5/22/23,CUST419,Female,44,Clothing,3,30,90
420,1/23/23,CUST420,Female,22,Clothing,4,500,2000
421,1/2/23,CUST421,Female,37,Clothing,3,500,1500
422,6/20/23,CUST422,Female,28,Clothing,3,30,90
423,3/8/23,CUST423,Female,27,Clothing,1,25,25
424,11/23/23,CUST424,Male,57,Beauty,4,300,1200
425,5/15/23,CUST425,Female,55,Electronics,4,30,120
426,3/24/23,CUST426,Male,23,Electronics,3,50,150
427,8/15/23,CUST427,Male,25,Electronics,1,25,25
428,10/10/23,CUST428,Female,40,Electronics,4,50,200
429,12/28/23,CUST429,Male,64,Electronics,2,25,50
430,8/7/23,CUST430,Female,43,Electronics,3,300,900
431,10/15/23,CUST431,Male,63,Electronics,4,300,1200
432,1/5/23,CUST432,Female,60,Electronics,2,500,1000
433,2/27/23,CUST433,Male,29,Beauty,4,50,200
434,2/8/23,CUST434,Female,43,Electronics,2,25,50
435,12/20/23,CUST435,Female,30,Beauty,3,300,900
436,3/18/23,CUST436,Female,57,Clothing,4,30,120
437,10/7/23,CUST437,Female,35,Electronics,4,300,1200
438,1/19/23,CUST438,Female,42,Clothing,1,30,30
439,7/9/23,CUST439,Male,50,Clothing,3,25,75
440,10/26/23,CUST440,Male,64,Clothing,2,300,600
441,10/10/23,CUST441,Male,57,Beauty,4,300,1200
442,3/17/23,CUST442,Female,60,Clothing,4,25,100
443,8/9/23,CUST443,Male,29,Clothing,2,300,600
444,3/7/23,CUST444,Female,61,Clothing,3,30,90
445,1/22/23,CUST445,Female,53,Electronics,1,300,300
446,6/7/23,CUST446,Male,21,Electronics,1,50,50
447,7/6/23,CUST447,Male,22,Beauty,4,500,2000
448,1/21/23,CUST448,Female,54,Beauty,2,30,60
449,7/3/23,CUST449,Male,25,Electronics,4,50,200
450,4/18/23,CUST450,Female,59,Beauty,2,25,50
451,12/16/23,CUST451,Female,45,Electronics,1,30,30
452,5/8/23,CUST452,Female,48,Clothing,3,500,1500
453,12/8/23,CUST453,Female,26,Clothing,2,500,1000
454,2/22/23,CUST454,Female,46,Beauty,1,25,25
455,7/1/23,CUST455,Male,31,Electronics,4,25,100
456,10/14/23,CUST456,Male,57,Electronics,2,30,60
457,7/28/23,CUST457,Female,58,Beauty,3,300,900
458,11/14/23,CUST458,Female,39,Electronics,4,25,100
459,3/21/23,CUST459,Male,28,Clothing,4,300,1200
460,5/2/23,CUST460,Male,40,Beauty,1,50,50
461,3/25/23,CUST461,Female,18,Beauty,2,500,1000
462,4/1/23,CUST462,Male,63,Electronics,4,300,1200
463,7/31/23,CUST463,Female,54,Beauty,3,500,1500
464,1/13/23,CUST464,Male,38,Electronics,2,300,600
465,4/2/23,CUST465,Female,43,Electronics,3,50,150
466,6/20/23,CUST466,Male,63,Electronics,4,25,100
467,7/30/23,CUST467,Female,53,Electronics,3,50,150
468,12/9/23,CUST468,Male,40,Electronics,1,25,25
469,5/8/23,CUST469,Male,18,Beauty,3,25,75
470,5/17/23,CUST470,Female,57,Clothing,2,500,1000
471,3/23/23,CUST471,Male,32,Clothing,3,50,150
472,12/26/23,CUST472,Female,38,Beauty,3,300,900
473,2/25/23,CUST473,Male,64,Beauty,1,50,50
474,7/15/23,CUST474,Female,26,Clothing,3,500,1500
475,1/20/23,CUST475,Male,26,Clothing,3,25,75
476,8/29/23,CUST476,Female,27,Clothing,4,500,2000
477,4/24/23,CUST477,Male,43,Clothing,4,30,120
478,4/13/23,CUST478,Female,58,Clothing,2,30,60
479,8/24/23,CUST479,Male,52,Electronics,4,300,1200
480,6/29/23,CUST480,Female,42,Beauty,4,500,2000
481,6/6/23,CUST481,Female,43,Electronics,4,300,1200
482,4/27/23,CUST482,Female,28,Clothing,4,300,1200
483,4/25/23,CUST483,Male,55,Clothing,1,30,30
484,1/13/23,CUST484,Female,19,Clothing,4,300,1200
485,12/4/23,CUST485,Male,24,Electronics,1,30,30
486,4/9/23,CUST486,Female,35,Electronics,1,25,25
487,7/24/23,CUST487,Male,44,Clothing,4,500,2000
488,6/18/23,CUST488,Female,51,Electronics,3,300,900
489,5/23/23,CUST489,Male,44,Electronics,1,30,30
490,2/5/23,CUST490,Male,34,Clothing,3,50,150
491,5/23/23,CUST491,Female,60,Electronics,3,300,900
492,6/29/23,CUST492,Male,61,Beauty,4,25,100
493,11/25/23,CUST493,Male,41,Beauty,2,25,50
494,9/18/23,CUST494,Female,42,Beauty,4,50,200
495,7/24/23,CUST495,Male,24,Beauty,2,30,60
496,12/14/23,CUST496,Male,23,Clothing,2,300,600
497,10/2/23,CUST497,Male,41,Clothing,4,30,120
498,6/19/23,CUST498,Female,50,Clothing,4,25,100
499,1/15/23,CUST499,Male,46,Beauty,2,30,60
500,3/1/23,CUST500,Female,60,Beauty,4,25,100
501,5/14/23,CUST501,Male,39,Electronics,2,30,60
502,4/2/23,CUST502,Male,43,Electronics,3,50,150
503,10/25/23,CUST503,Male,45,Beauty,4,500,2000
504,5/16/23,CUST504,Female,38,Beauty,3,50,150
505,1/20/23,CUST505,Male,24,Beauty,1,50,50
506,2/25/23,CUST506,Male,34,Beauty,3,500,1500
507,11/2/23,CUST507,Female,37,Electronics,3,500,1500
508,8/11/23,CUST508,Male,58,Beauty,2,300,600
509,6/26/23,CUST509,Female,37,Electronics,3,300,900
510,6/10/23,CUST510,Female,39,Beauty,4,50,200
511,8/12/23,CUST511,Male,45,Beauty,2,50,100
512,11/7/23,CUST512,Female,57,Beauty,1,25,25
513,9/19/23,CUST513,Male,24,Electronics,4,25,100
514,3/1/23,CUST514,Female,18,Electronics,1,300,300
515,7/17/23,CUST515,Female,49,Clothing,3,300,900
516,10/23/23,CUST516,Male,30,Beauty,4,25,100
517,4/8/23,CUST517,Female,47,Clothing,4,25,100
518,5/11/23,CUST518,Female,40,Clothing,1,30,30
519,1/23/23,CUST519,Female,36,Electronics,4,30,120
520,12/29/23,CUST520,Female,49,Electronics,4,25,100
521,8/12/23,CUST521,Female,47,Clothing,4,30,120
522,1/1/23,CUST522,Male,46,Beauty,3,500,1500
523,9/24/23,CUST523,Female,62,Electronics,1,300,300
524,10/3/23,CUST524,Male,46,Beauty,4,300,1200
525,12/18/23,CUST525,Female,47,Beauty,2,25,50
526,12/10/23,CUST526,Male,33,Clothing,2,50,100
527,4/11/23,CUST527,Male,57,Clothing,2,25,50
528,7/6/23,CUST528,Female,36,Clothing,2,30,60
529,8/9/23,CUST529,Female,35,Clothing,3,50,150
530,2/5/23,CUST530,Female,18,Electronics,4,30,120
531,12/7/23,CUST531,Male,31,Electronics,1,500,500
532,6/19/23,CUST532,Female,64,Clothing,4,30,120
533,11/16/23,CUST533,Male,19,Electronics,3,500,1500
534,6/10/23,CUST534,Male,45,Clothing,2,500,1000
535,12/6/23,CUST535,Male,47,Beauty,3,30,90
536,3/5/23,CUST536,Female,55,Beauty,4,30,120
537,6/3/23,CUST537,Female,21,Beauty,1,500,500
538,9/17/23,CUST538,Male,18,Clothing,3,50,150
539,6/8/23,CUST539,Male,25,Beauty,1,500,500
540,12/8/23,CUST540,Female,46,Electronics,3,300,900
541,7/29/23,CUST541,Male,56,Beauty,1,500,500
542,6/17/23,CUST542,Female,20,Beauty,1,50,50
543,7/26/23,CUST543,Male,49,Beauty,2,300,600
544,12/23/23,CUST544,Female,27,Electronics,1,25,25
545,6/1/23,CUST545,Male,27,Clothing,2,25,50
546,10/11/23,CUST546,Female,36,Electronics,4,50,200
547,3/7/23,CUST547,Male,63,Clothing,4,500,2000
548,4/9/23,CUST548,Female,51,Clothing,2,30,60
549,8/4/23,CUST549,Female,50,Beauty,2,50,100
550,12/7/23,CUST550,Male,40,Clothing,3,300,900
551,7/14/23,CUST551,Male,45,Electronics,3,300,900
552,12/13/23,CUST552,Female,49,Electronics,3,25,75
553,3/31/23,CUST553,Male,24,Clothing,4,300,1200
554,11/12/23,CUST554,Female,46,Beauty,3,50,150
555,10/19/23,CUST555,Male,25,Beauty,1,300,300
556,6/4/23,CUST556,Female,18,Electronics,1,50,50
557,7/27/23,CUST557,Female,20,Beauty,3,30,90
558,10/8/23,CUST558,Female,41,Clothing,1,25,25
559,1/1/23,CUST559,Female,40,Clothing,4,300,1200
560,6/5/23,CUST560,Female,25,Electronics,1,50,50
561,5/27/23,CUST561,Female,64,Clothing,4,500,2000
562,4/18/23,CUST562,Male,54,Electronics,2,25,50
563,8/9/23,CUST563,Male,20,Clothing,2,30,60
564,10/24/23,CUST564,Male,50,Electronics,2,50,100
565,11/7/23,CUST565,Female,45,Beauty,2,30,60
566,12/2/23,CUST566,Female,64,Clothing,1,30,30
567,6/14/23,CUST567,Female,25,Clothing,3,300,900
568,8/27/23,CUST568,Female,51,Electronics,1,300,300
569,8/15/23,CUST569,Male,52,Electronics,4,50,200
570,8/15/23,CUST570,Male,49,Clothing,1,500,500
571,12/12/23,CUST571,Female,41,Electronics,1,50,50
572,4/20/23,CUST572,Male,31,Clothing,4,500,2000
573,9/19/23,CUST573,Male,49,Beauty,2,30,60
574,8/31/23,CUST574,Female,63,Electronics,2,25,50
575,3/28/23,CUST575,Male,60,Clothing,2,50,100
576,12/4/23,CUST576,Female,33,Beauty,3,50,150
577,2/13/23,CUST577,Male,21,Beauty,4,500,2000
578,5/26/23,CUST578,Female,54,Clothing,4,30,120
579,9/21/23,CUST579,Female,38,Electronics,1,30,30
580,12/6/23,CUST580,Female,31,Clothing,3,500,1500
581,11/21/23,CUST581,Female,48,Beauty,2,30,60
582,11/14/23,CUST582,Male,35,Clothing,3,300,900
583,6/21/23,CUST583,Female,24,Electronics,4,25,100
584,2/17/23,CUST584,Female,27,Beauty,4,50,200
585,5/1/23,CUST585,Female,24,Clothing,1,25,25
586,12/11/23,CUST586,Male,50,Electronics,1,50,50
587,6/8/23,CUST587,Female,40,Beauty,4,300,1200
588,4/26/23,CUST588,Male,38,Electronics,2,30,60
589,4/12/23,CUST589,Female,36,Beauty,2,500,1000
590,3/17/23,CUST590,Male,36,Clothing,3,300,900
591,1/13/23,CUST591,Male,53,Electronics,4,25,100
592,1/24/23,CUST592,Female,46,Beauty,4,500,2000
593,5/6/23,CUST593,Male,35,Electronics,2,30,60
594,9/1/23,CUST594,Female,19,Electronics,2,300,600
595,11/9/23,CUST595,Female,18,Clothing,4,500,2000
596,2/7/23,CUST596,Female,64,Electronics,1,300,300
597,8/22/23,CUST597,Male,22,Beauty,4,300,1200
598,8/1/23,CUST598,Male,37,Beauty,4,30,120
599,11/19/23,CUST599,Female,28,Beauty,2,50,100
600,10/22/23,CUST600,Female,59,Beauty,2,500,1000
601,4/10/23,CUST601,Male,19,Clothing,1,30,30
602,12/23/23,CUST602,Female,20,Electronics,1,300,300
603,7/16/23,CUST603,Female,40,Clothing,3,30,90
604,9/11/23,CUST604,Female,29,Electronics,4,50,200
605,7/24/23,CUST605,Male,37,Electronics,2,500,1000
606,5/5/23,CUST606,Male,22,Electronics,1,50,50
607,3/17/23,CUST607,Male,54,Clothing,3,25,75
608,12/2/23,CUST608,Female,55,Electronics,3,500,1500
609,12/19/23,CUST609,Female,47,Clothing,2,50,100
610,1/3/23,CUST610,Female,26,Beauty,2,300,600
611,2/24/23,CUST611,Male,51,Beauty,3,500,1500
612,8/6/23,CUST612,Female,61,Electronics,1,500,500
613,4/23/23,CUST613,Female,52,Clothing,3,30,90
614,4/1/23,CUST614,Female,39,Beauty,4,300,1200
615,12/23/23,CUST615,Female,61,Clothing,4,25,100
616,9/23/23,CUST616,Male,41,Clothing,2,50,100
617,8/26/23,CUST617,Male,34,Electronics,1,30,30
618,1/26/23,CUST618,Female,27,Beauty,1,50,50
619,10/13/23,CUST619,Male,47,Electronics,4,25,100
620,5/8/23,CUST620,Male,63,Electronics,3,25,75
621,3/4/23,CUST621,Female,40,Beauty,2,500,1000
622,8/22/23,CUST622,Female,49,Beauty,3,25,75
623,3/10/23,CUST623,Male,34,Clothing,3,50,150
624,8/26/23,CUST624,Female,34,Beauty,3,300,900
625,12/8/23,CUST625,Male,31,Clothing,1,300,300
626,9/29/23,CUST626,Female,26,Clothing,4,500,2000
627,10/14/23,CUST627,Male,57,Clothing,1,50,50
628,11/1/23,CUST628,Female,19,Beauty,4,50,200
629,6/12/23,CUST629,Male,62,Electronics,2,25,50
630,8/15/23,CUST630,Male,42,Clothing,2,50,100
631,11/10/23,CUST631,Male,56,Electronics,3,30,90
632,9/16/23,CUST632,Female,26,Electronics,4,25,100
633,8/7/23,CUST633,Male,39,Beauty,4,30,120
634,10/8/23,CUST634,Male,60,Electronics,4,500,2000
635,8/17/23,CUST635,Female,63,Electronics,3,300,900
636,3/23/23,CUST636,Female,21,Beauty,3,500,1500
637,9/1/23,CUST637,Male,43,Clothing,2,300,600
638,8/19/23,CUST638,Male,46,Electronics,1,500,500
639,5/13/23,CUST639,Female,62,Beauty,4,50,200
640,5/7/23,CUST640,Female,51,Electronics,4,30,120
641,11/23/23,CUST641,Female,40,Electronics,1,300,300
642,5/22/23,CUST642,Female,54,Clothing,4,25,100
643,9/24/23,CUST643,Female,28,Electronics,3,30,90
644,9/6/23,CUST644,Male,23,Beauty,3,25,75
645,11/17/23,CUST645,Female,35,Electronics,4,30,120
646,5/3/23,CUST646,Male,38,Clothing,3,30,90
647,5/21/23,CUST647,Male,59,Clothing,3,500,1500
648,8/14/23,CUST648,Male,53,Beauty,4,300,1200
649,2/9/23,CUST649,Female,58,Clothing,2,300,600
650,1/1/24,CUST650,Male,55,Electronics,1,30,30
651,5/27/23,CUST651,Male,51,Clothing,3,50,150
652,5/1/23,CUST652,Female,34,Beauty,2,50,100
653,5/20/23,CUST653,Male,54,Clothing,3,25,75
654,6/21/23,CUST654,Male,42,Clothing,3,25,75
655,6/13/23,CUST655,Female,55,Clothing,1,500,500
656,10/4/23,CUST656,Male,29,Beauty,3,30,90
657,2/11/23,CUST657,Male,40,Clothing,1,25,25
658,3/12/23,CUST658,Male,59,Clothing,1,25,25
659,3/19/23,CUST659,Female,39,Electronics,1,30,30
660,4/29/23,CUST660,Female,38,Beauty,2,500,1000
661,7/16/23,CUST661,Female,44,Clothing,4,25,100
662,12/22/23,CUST662,Male,48,Beauty,2,500,1000
663,3/20/23,CUST663,Male,23,Clothing,4,300,1200
664,12/28/23,CUST664,Female,44,Clothing,4,500,2000
665,4/20/23,CUST665,Male,57,Clothing,1,50,50
666,2/2/23,CUST666,Male,51,Electronics,3,50,150
667,8/1/23,CUST667,Female,29,Electronics,1,500,500
668,7/28/23,CUST668,Female,62,Electronics,3,50,150
669,6/19/23,CUST669,Male,24,Beauty,4,300,1200
670,10/5/23,CUST670,Male,27,Beauty,1,30,30
671,8/27/23,CUST671,Male,62,Electronics,3,50,150
672,8/1/23,CUST672,Female,34,Beauty,2,50,100
673,2/1/23,CUST673,Female,43,Clothing,3,500,1500
674,4/16/23,CUST674,Female,38,Clothing,1,300,300
675,8/4/23,CUST675,Female,45,Clothing,2,30,60
676,7/19/23,CUST676,Male,63,Electronics,3,500,1500
677,10/27/23,CUST677,Female,19,Beauty,3,500,1500
678,12/23/23,CUST678,Female,60,Electronics,3,300,900
679,1/11/23,CUST679,Female,18,Beauty,3,30,90
680,10/22/23,CUST680,Female,53,Clothing,3,300,900
681,7/14/23,CUST681,Female,43,Electronics,2,30,60
682,9/2/23,CUST682,Male,46,Beauty,4,300,1200
683,1/4/23,CUST683,Male,38,Beauty,2,500,1000
684,6/30/23,CUST684,Female,28,Clothing,2,500,1000
685,6/2/23,CUST685,Male,57,Electronics,2,25,50
686,7/19/23,CUST686,Female,28,Electronics,4,50,200
687,8/3/23,CUST687,Female,53,Electronics,1,300,300
688,10/3/23,CUST688,Male,56,Clothing,4,25,100
689,10/7/23,CUST689,Male,57,Electronics,2,50,100
690,11/5/23,CUST690,Female,52,Clothing,3,300,900
691,4/23/23,CUST691,Female,51,Clothing,3,30,90
692,9/7/23,CUST692,Female,64,Clothing,2,50,100
693,4/23/23,CUST693,Male,41,Beauty,3,500,1500
694,5/20/23,CUST694,Female,39,Electronics,2,25,50
695,8/12/23,CUST695,Female,22,Electronics,3,50,150
696,9/6/23,CUST696,Female,50,Clothing,4,50,200
697,1/15/23,CUST697,Male,53,Clothing,1,500,500
698,7/19/23,CUST698,Female,64,Electronics,1,300,300
699,6/22/23,CUST699,Female,37,Clothing,4,30,120
700,12/9/23,CUST700,Male,36,Electronics,4,500,2000
701,12/14/23,CUST701,Female,52,Beauty,2,30,60
702,7/27/23,CUST702,Female,60,Clothing,2,300,600
703,3/26/23,CUST703,Male,34,Electronics,2,50,100
704,8/28/23,CUST704,Female,62,Clothing,3,30,90
705,3/7/23,CUST705,Male,60,Electronics,2,25,50
706,11/15/23,CUST706,Male,51,Electronics,4,25,100
707,10/1/23,CUST707,Female,26,Clothing,1,500,500
708,1/14/23,CUST708,Female,43,Beauty,3,300,900
709,7/21/23,CUST709,Female,19,Electronics,2,500,1000
710,10/31/23,CUST710,Female,26,Electronics,3,500,1500
711,10/16/23,CUST711,Male,26,Electronics,3,500,1500
712,12/6/23,CUST712,Female,57,Beauty,2,25,50
713,1/14/23,CUST713,Male,34,Beauty,3,25,75
714,2/12/23,CUST714,Female,18,Clothing,1,500,500
715,11/26/23,CUST715,Female,42,Beauty,4,25,100
716,8/8/23,CUST716,Female,60,Clothing,4,300,1200
717,3/11/23,CUST717,Male,57,Clothing,1,500,500
718,8/25/23,CUST718,Female,59,Beauty,3,25,75
719,4/4/23,CUST719,Female,42,Clothing,2,30,60
720,1/26/23,CUST720,Female,56,Beauty,3,500,1500
721,5/14/23,CUST721,Female,52,Clothing,1,500,500
722,7/14/23,CUST722,Male,20,Beauty,3,300,900
723,6/17/23,CUST723,Female,54,Beauty,4,50,200
724,4/19/23,CUST724,Male,61,Clothing,3,50,150
725,8/21/23,CUST725,Male,61,Electronics,1,300,300
726,6/17/23,CUST726,Male,47,Clothing,4,300,1200
727,6/22/23,CUST727,Male,55,Beauty,3,300,900
728,7/14/23,CUST728,Male,51,Electronics,3,50,150
729,5/23/23,CUST729,Male,29,Clothing,4,300,1200
730,8/4/23,CUST730,Female,36,Clothing,2,25,50
731,5/10/23,CUST731,Male,54,Clothing,4,500,2000
732,2/11/23,CUST732,Male,61,Electronics,2,500,1000
733,8/29/23,CUST733,Male,34,Beauty,1,30,30
734,1/10/23,CUST734,Female,27,Clothing,1,30,30
735,10/4/23,CUST735,Female,64,Clothing,4,500,2000
736,1/27/23,CUST736,Male,29,Clothing,4,25,100
737,6/29/23,CUST737,Female,33,Clothing,1,50,50
738,4/25/23,CUST738,Male,41,Clothing,2,50,100
739,11/29/23,CUST739,Male,36,Beauty,1,25,25
740,2/5/23,CUST740,Female,25,Beauty,4,50,200
741,11/30/23,CUST741,Male,48,Clothing,1,300,300
742,1/21/23,CUST742,Female,38,Electronics,4,500,2000
743,1/16/23,CUST743,Female,34,Beauty,4,500,2000
744,5/7/23,CUST744,Male,40,Electronics,1,25,25
745,4/13/23,CUST745,Male,54,Beauty,2,50,100
746,1/11/23,CUST746,Female,33,Clothing,3,30,90
747,11/15/23,CUST747,Male,23,Beauty,1,30,30
748,3/20/23,CUST748,Male,25,Clothing,3,50,150
749,5/3/23,CUST749,Male,42,Beauty,1,30,30
750,3/6/23,CUST750,Female,35,Clothing,3,25,75
751,8/31/23,CUST751,Female,42,Clothing,2,25,50
752,12/9/23,CUST752,Male,29,Clothing,2,50,100
753,2/28/23,CUST753,Female,32,Clothing,1,30,30
754,10/16/23,CUST754,Female,43,Electronics,4,25,100
755,4/22/23,CUST755,Female,58,Clothing,3,25,75
756,8/27/23,CUST756,Female,62,Electronics,4,300,1200
757,12/25/23,CUST757,Female,43,Electronics,4,300,1200
758,5/12/23,CUST758,Male,64,Clothing,4,25,100
759,7/8/23,CUST759,Male,49,Electronics,2,50,100
760,3/27/23,CUST760,Male,27,Beauty,1,500,500
761,11/7/23,CUST761,Female,33,Clothing,1,500,500
762,11/7/23,CUST762,Female,24,Electronics,2,25,50
763,2/28/23,CUST763,Male,34,Clothing,2,25,50
764,3/25/23,CUST764,Female,40,Clothing,1,25,25
765,6/9/23,CUST765,Male,43,Clothing,4,50,200
766,2/25/23,CUST766,Male,38,Electronics,3,300,900
767,10/24/23,CUST767,Male,39,Beauty,3,25,75
768,1/14/23,CUST768,Female,24,Beauty,3,25,75
769,6/9/23,CUST769,Female,31,Electronics,4,30,120
770,10/22/23,CUST770,Male,32,Clothing,1,50,50
771,12/13/23,CUST771,Male,24,Electronics,2,25,50
772,7/12/23,CUST772,Male,26,Electronics,1,30,30
773,7/23/23,CUST773,Male,25,Electronics,4,500,2000
774,4/12/23,CUST774,Female,40,Clothing,2,25,50
775,2/8/23,CUST775,Female,46,Electronics,4,25,100
776,10/31/23,CUST776,Male,35,Clothing,3,30,90
777,12/20/23,CUST777,Male,48,Electronics,3,50,150
778,11/18/23,CUST778,Female,47,Beauty,4,25,100
779,5/5/23,CUST779,Female,56,Electronics,2,500,1000
780,2/22/23,CUST780,Male,52,Electronics,2,25,50
781,12/23/23,CUST781,Male,35,Beauty,1,500,500
782,6/4/23,CUST782,Male,59,Clothing,3,300,900
783,12/17/23,CUST783,Female,56,Clothing,1,300,300
784,11/4/23,CUST784,Female,34,Electronics,1,500,500
785,3/3/23,CUST785,Female,31,Beauty,4,50,200
786,10/17/23,CUST786,Male,48,Clothing,4,25,100
787,1/22/23,CUST787,Male,41,Electronics,1,25,25
788,6/27/23,CUST788,Female,52,Beauty,3,300,900
789,9/30/23,CUST789,Female,61,Clothing,4,500,2000
790,8/8/23,CUST790,Male,62,Clothing,1,25,25
791,12/5/23,CUST791,Female,51,Beauty,1,25,25
792,7/9/23,CUST792,Female,20,Beauty,1,50,50
793,2/5/23,CUST793,Male,54,Beauty,1,30,30
794,9/17/23,CUST794,Female,60,Beauty,1,300,300
795,11/28/23,CUST795,Male,57,Electronics,1,300,300
796,6/24/23,CUST796,Male,43,Beauty,4,30,120
797,1/7/23,CUST797,Male,40,Clothing,3,25,75
798,8/4/23,CUST798,Male,61,Clothing,1,50,50
799,9/8/23,CUST799,Male,56,Electronics,2,50,100
800,2/24/23,CUST800,Male,32,Clothing,4,300,1200
801,8/10/23,CUST801,Male,21,Clothing,4,50,200
802,7/5/23,CUST802,Female,46,Beauty,1,30,30
803,11/22/23,CUST803,Male,39,Clothing,4,25,100
804,8/24/23,CUST804,Male,42,Electronics,1,30,30
805,12/29/23,CUST805,Female,30,Beauty,3,500,1500
806,3/20/23,CUST806,Female,35,Beauty,3,300,900
807,8/11/23,CUST807,Female,50,Electronics,4,50,200
808,4/1/23,CUST808,Male,33,Beauty,4,500,2000
809,9/25/23,CUST809,Female,62,Beauty,2,50,100
810,11/30/23,CUST810,Male,59,Electronics,4,25,100
811,5/19/23,CUST811,Male,61,Beauty,2,25,50
812,11/12/23,CUST812,Male,19,Electronics,3,25,75
813,10/3/23,CUST813,Male,52,Electronics,3,50,150
814,9/5/23,CUST814,Female,59,Clothing,1,500,500
815,8/27/23,CUST815,Female,51,Clothing,3,25,75
816,8/12/23,CUST816,Male,47,Beauty,2,500,1000
817,10/31/23,CUST817,Male,30,Beauty,4,50,200
818,5/18/23,CUST818,Male,30,Electronics,1,500,500
819,6/15/23,CUST819,Female,35,Beauty,2,50,100
820,5/6/23,CUST820,Male,49,Electronics,4,50,200
821,2/14/23,CUST821,Male,49,Electronics,1,300,300
822,5/23/23,CUST822,Female,52,Beauty,3,50,150
823,8/19/23,CUST823,Female,56,Electronics,2,50,100
824,5/5/23,CUST824,Male,63,Clothing,4,30,120
825,8/26/23,CUST825,Female,46,Beauty,1,25,25
826,10/19/23,CUST826,Female,46,Clothing,1,300,300
827,11/9/23,CUST827,Male,61,Beauty,3,300,900
828,12/9/23,CUST828,Female,33,Electronics,4,300,1200
829,7/14/23,CUST829,Male,61,Beauty,3,30,90
830,6/22/23,CUST830,Female,64,Clothing,3,50,150
831,1/15/23,CUST831,Male,27,Electronics,4,25,100
832,9/11/23,CUST832,Male,47,Beauty,4,500,2000
833,6/16/23,CUST833,Male,42,Beauty,4,50,200
834,4/4/23,CUST834,Female,56,Beauty,2,30,60
835,9/7/23,CUST835,Male,37,Clothing,4,50,200
836,4/19/23,CUST836,Female,22,Clothing,1,50,50
837,7/1/23,CUST837,Male,18,Beauty,3,30,90
838,5/13/23,CUST838,Male,47,Electronics,2,300,600
839,6/24/23,CUST839,Female,20,Electronics,4,300,1200
840,5/24/23,CUST840,Male,62,Clothing,2,25,50
841,11/2/23,CUST841,Male,31,Electronics,4,25,100
842,12/26/23,CUST842,Female,47,Clothing,2,300,600
843,5/22/23,CUST843,Male,21,Beauty,3,500,1500
844,10/12/23,CUST844,Male,35,Clothing,3,50,150
845,1/6/23,CUST845,Male,54,Clothing,1,500,500
846,9/22/23,CUST846,Male,42,Beauty,1,50,50
847,4/8/23,CUST847,Female,18,Electronics,4,300,1200
848,2/13/23,CUST848,Female,63,Clothing,3,25,75
849,5/4/23,CUST849,Male,32,Clothing,2,25,50
850,7/28/23,CUST850,Female,26,Beauty,2,500,1000
851,9/8/23,CUST851,Male,32,Electronics,2,25,50
852,10/12/23,CUST852,Female,41,Clothing,1,300,300
853,5/4/23,CUST853,Male,21,Beauty,2,500,1000
854,12/20/23,CUST854,Male,29,Clothing,1,50,50
855,9/1/23,CUST855,Male,54,Beauty,1,25,25
856,11/27/23,CUST856,Male,54,Electronics,4,30,120
857,12/31/23,CUST857,Male,60,Electronics,2,25,50
858,9/9/23,CUST858,Male,23,Electronics,2,50,100
859,8/18/23,CUST859,Female,56,Electronics,3,500,1500
860,1/9/23,CUST860,Male,63,Clothing,4,50,200
861,2/17/23,CUST861,Female,41,Clothing,3,30,90
862,5/31/23,CUST862,Male,28,Electronics,4,300,1200
863,4/24/23,CUST863,Female,30,Electronics,2,25,50
864,7/27/23,CUST864,Female,51,Electronics,1,500,500
865,12/21/23,CUST865,Female,42,Clothing,1,300,300
866,5/5/23,CUST866,Male,24,Electronics,1,50,50
867,6/6/23,CUST867,Male,21,Electronics,1,500,500
868,12/6/23,CUST868,Female,25,Electronics,1,300,300
869,10/25/23,CUST869,Male,37,Beauty,3,500,1500
870,7/8/23,CUST870,Female,46,Electronics,4,30,120
871,8/31/23,CUST871,Male,62,Beauty,2,30,60
872,10/11/23,CUST872,Female,63,Beauty,3,25,75
873,9/29/23,CUST873,Female,27,Electronics,4,25,100
874,6/26/23,CUST874,Male,60,Beauty,1,30,30
875,8/6/23,CUST875,Female,51,Electronics,4,500,2000
876,10/9/23,CUST876,Male,43,Clothing,4,30,120
877,6/19/23,CUST877,Female,58,Clothing,1,25,25
878,6/30/23,CUST878,Female,20,Clothing,1,30,30
879,12/26/23,CUST879,Male,23,Clothing,1,30,30
880,8/21/23,CUST880,Male,22,Beauty,2,500,1000
881,5/19/23,CUST881,Male,22,Electronics,1,300,300
882,6/6/23,CUST882,Female,64,Electronics,2,25,50
883,5/9/23,CUST883,Male,40,Electronics,1,500,500
884,4/29/23,CUST884,Female,26,Clothing,2,30,60
885,3/3/23,CUST885,Female,52,Clothing,4,30,120
886,4/9/23,CUST886,Male,37,Electronics,3,300,900
887,6/11/23,CUST887,Male,59,Clothing,4,25,100
888,3/3/23,CUST888,Female,52,Electronics,4,25,100
889,10/2/23,CUST889,Female,35,Electronics,1,50,50
890,12/20/23,CUST890,Male,34,Electronics,2,25,50
891,4/5/23,CUST891,Male,41,Electronics,3,300,900
892,4/9/23,CUST892,Male,20,Electronics,1,50,50
893,4/21/23,CUST893,Male,49,Electronics,1,50,50
894,9/5/23,CUST894,Male,52,Electronics,1,30,30
895,5/22/23,CUST895,Female,55,Clothing,4,30,120
896,10/29/23,CUST896,Female,30,Electronics,2,25,50
897,9/26/23,CUST897,Female,64,Electronics,2,50,100
898,11/2/23,CUST898,Female,42,Clothing,3,30,90
899,5/25/23,CUST899,Male,26,Clothing,2,300,600
900,2/21/23,CUST900,Male,21,Clothing,2,30,60
901,4/10/23,CUST901,Male,31,Electronics,1,30,30
902,6/1/23,CUST902,Female,54,Beauty,1,50,50
903,4/27/23,CUST903,Female,51,Beauty,4,50,200
904,7/4/23,CUST904,Male,28,Clothing,1,500,500
905,4/2/23,CUST905,Male,58,Beauty,1,300,300
906,6/4/23,CUST906,Female,20,Clothing,1,50,50
907,1/8/23,CUST907,Female,45,Electronics,1,25,25
908,12/29/23,CUST908,Male,46,Beauty,4,300,1200
909,10/1/23,CUST909,Male,26,Electronics,1,300,300
910,3/6/23,CUST910,Female,20,Beauty,3,50,150
911,5/21/23,CUST911,Male,42,Electronics,3,300,900
912,1/24/23,CUST912,Male,51,Beauty,3,50,150
913,1/28/23,CUST913,Male,29,Electronics,3,30,90
914,10/11/23,CUST914,Female,59,Electronics,1,500,500
915,5/30/23,CUST915,Female,26,Beauty,3,30,90
916,12/24/23,CUST916,Female,32,Electronics,1,50,50
917,3/6/23,CUST917,Female,57,Electronics,4,50,200
918,11/23/23,CUST918,Female,42,Electronics,3,30,90
919,9/9/23,CUST919,Female,22,Beauty,2,25,50
920,2/22/23,CUST920,Female,28,Beauty,3,25,75
921,1/7/23,CUST921,Male,51,Electronics,3,25,75
922,10/21/23,CUST922,Male,41,Electronics,1,50,50
923,5/26/23,CUST923,Male,32,Beauty,3,300,900
924,8/29/23,CUST924,Male,55,Beauty,2,50,100
925,9/3/23,CUST925,Male,25,Electronics,1,300,300
926,8/14/23,CUST926,Male,22,Electronics,1,30,30
927,6/24/23,CUST927,Male,43,Electronics,4,500,2000
928,4/5/23,CUST928,Female,35,Clothing,4,300,1200
929,1/27/23,CUST929,Female,23,Beauty,3,25,75
930,5/10/23,CUST930,Male,54,Clothing,4,50,200
931,9/2/23,CUST931,Male,30,Beauty,4,30,120
932,2/28/23,CUST932,Female,45,Beauty,4,25,100
933,2/3/23,CUST933,Male,22,Beauty,1,30,30
934,7/25/23,CUST934,Male,30,Beauty,1,500,500
935,9/9/23,CUST935,Female,34,Beauty,1,50,50
936,2/7/23,CUST936,Male,57,Beauty,4,50,200
937,10/23/23,CUST937,Female,62,Beauty,1,500,500
938,11/19/23,CUST938,Male,49,Clothing,4,50,200
939,12/18/23,CUST939,Female,46,Electronics,1,300,300
940,1/28/23,CUST940,Female,20,Electronics,1,30,30
941,3/19/23,CUST941,Female,57,Clothing,2,25,50
942,3/18/23,CUST942,Male,51,Clothing,3,500,1500
943,10/16/23,CUST943,Female,57,Clothing,4,300,1200
944,6/5/23,CUST944,Male,44,Clothing,2,25,50
945,2/13/23,CUST945,Male,30,Beauty,1,25,25
946,5/8/23,CUST946,Male,62,Electronics,4,500,2000
947,3/2/23,CUST947,Male,50,Beauty,1,300,300
948,10/13/23,CUST948,Female,23,Electronics,3,25,75
949,8/2/23,CUST949,Female,41,Electronics,2,25,50
950,11/7/23,CUST950,Male,36,Clothing,3,300,900
951,11/2/23,CUST951,Male,33,Beauty,2,50,100
952,11/13/23,CUST952,Female,57,Clothing,1,25,25
953,4/26/23,CUST953,Male,45,Beauty,3,30,90
954,9/25/23,CUST954,Female,50,Electronics,3,300,900
955,7/14/23,CUST955,Male,58,Clothing,1,25,25
956,8/19/23,CUST956,Male,30,Clothing,3,500,1500
957,8/15/23,CUST957,Female,60,Electronics,4,30,120
958,6/2/23,CUST958,Male,62,Electronics,2,25,50
959,10/29/23,CUST959,Female,42,Electronics,2,30,60
960,8/8/23,CUST960,Male,59,Clothing,2,30,60
961,6/6/23,CUST961,Male,53,Beauty,4,50,200
962,10/19/23,CUST962,Male,44,Clothing,2,30,60
963,11/14/23,CUST963,Female,55,Beauty,1,50,50
964,1/31/23,CUST964,Male,24,Clothing,3,300,900
965,11/9/23,CUST965,Male,22,Clothing,4,50,200
966,2/20/23,CUST966,Male,60,Electronics,2,500,1000
967,4/17/23,CUST967,Male,62,Beauty,1,25,25
968,11/17/23,CUST968,Female,48,Clothing,3,300,900
969,4/19/23,CUST969,Female,40,Clothing,3,300,900
970,5/16/23,CUST970,Male,59,Electronics,4,500,2000
971,12/5/23,CUST971,Female,27,Electronics,4,50,200
972,2/11/23,CUST972,Male,49,Beauty,4,25,100
973,3/22/23,CUST973,Male,60,Clothing,1,50,50
974,5/3/23,CUST974,Male,47,Beauty,1,30,30
975,3/30/23,CUST975,Female,56,Clothing,4,50,200
976,10/10/23,CUST976,Female,48,Beauty,2,300,600
977,2/8/23,CUST977,Female,35,Electronics,3,25,75
978,3/22/23,CUST978,Female,53,Clothing,3,50,150
979,1/2/23,CUST979,Female,19,Beauty,1,25,25
980,7/29/23,CUST980,Female,31,Electronics,3,25,75
981,8/19/23,CUST981,Female,30,Electronics,2,30,60
982,12/19/23,CUST982,Female,46,Beauty,3,30,90
983,11/1/23,CUST983,Female,29,Clothing,1,300,300
984,8/29/23,CUST984,Male,56,Clothing,1,500,500
985,5/30/23,CUST985,Female,19,Electronics,2,25,50
986,1/17/23,CUST986,Female,49,Clothing,2,500,1000
987,4/29/23,CUST987,Female,30,Clothing,3,300,900
988,5/28/23,CUST988,Female,63,Clothing,3,25,75
989,12/28/23,CUST989,Female,44,Electronics,1,25,25
990,5/25/23,CUST990,Female,58,Beauty,2,500,1000
991,12/26/23,CUST991,Female,34,Clothing,2,50,100
992,8/21/23,CUST992,Female,57,Electronics,2,30,60
993,2/6/23,CUST993,Female,48,Electronics,3,50,150
994,12/18/23,CUST994,Female,51,Beauty,2,500,1000
995,4/30/23,CUST995,Female,41,Clothing,1,30,30
996,5/16/23,CUST996,Male,62,Clothing,1,50,50
997,11/17/23,CUST997,Male,52,Beauty,3,30,90
998,10/29/23,CUST998,Female,23,Beauty,4,25,100
999,12/5/23,CUST999,Female,36,Electronics,3,50,150
1000,4/12/23,CUST1000,Male,47,Electronics,4,30,120